module	exit	wall_s	max_rss_kB
ThomsonGen/Preamble.lean	0	1021	6663536
ThomsonGen/ThreePoint.lean	0	140	6828972
ThomsonGen/Kron.lean	0	40	6768668
ThomsonGen/Cert1.lean	0	40	6751096
ThomsonGen/Cert3.lean	0	40	6798392
ThomsonGen/Case1Stat.lean	0	30	6718396
ThomsonGen/M2.lean	0	80	9019144
ThomsonGen/Base.lean	0	40	6738968
ThomsonGen/M3.lean	0	40	6786720
ThomsonGen/RegB.lean	0	30	6675916
ThomsonGen/Typed.lean	0	60	6908856
ThomsonGen/CertF.lean	0	40	6742144
ThomsonGen/CertT.lean	0	40	6833564
ThomsonGen/Cert/NBlk.lean	0	40	6806916
ThomsonGen/Cert/Cert3N.lean	0	30	6739400
ThomsonGen/GV.lean	0	70	6848232
N5R2/Data.lean	0	120	6832864
N5R2/ChkF.lean	0	50	6774980
N5R2/ChkS0.lean	0	60	8246824
N5R2/ChkS1.lean	0	40	7163320
N5R2/ChkS2.lean	0	40	7180088
N5R2/ChkS3.lean	0	40	7164996
N5R2/ChkS4.lean	0	40	7188160
N5R2/ChkS5.lean	0	40	7182984
N5R2/ChkS6.lean	0	40	7191888
N5R2/ChkS7.lean	0	41	6830884
N5R2/ChkN0.lean	0	240	7200620
N5R2/ChkN1.lean	0	80	6952728
N5R2/ChkN2.lean	0	80	6901832
N5R2/ChkN3.lean	0	80	6931388
N5R2/ChkN4.lean	0	80	7000068
N5R2/ChkN5.lean	0	80	6975276
N5R2/ChkN6.lean	0	80	6986384
N5R2/ChkN7.lean	0	40	6913436
N5R2/Check.lean	0	40	6733860
N5R2/Bound.lean	0	40	6737916
N5R2Minor/Minor.lean	0	40	6739076
N5R2/Challenge.lean	0	40	6696336
N5R2/Main.lean	0	50	6877936
N5R2/Solution.lean	0	40	6728544
N5R2/Check/Axioms.lean	0	30	6693124
